model_id,rmse,mse,mae,rmsle,mean_residual_deviance
StackedEnsemble_BestOfFamily_1_AutoML_3_20260728_173821,55.60953952495847,3092.4208861779184,45.74266336193211,0.4277694063385265,3092.4208861779184
GLM_1_AutoML_3_20260728_173821,55.6303716488331,3094.7382497872936,45.58833939118661,0.4303903158826823,3094.7382497872936
StackedEnsemble_AllModels_1_AutoML_3_20260728_173821,55.76645901595013,3109.897951177646,45.72136283646876,0.4259272152593176,3109.897951177646
GBM_3_AutoML_3_20260728_173821,56.52137401128104,3194.665720123116,46.123979589751656,0.4324130925177073,3194.665720123116
GBM_grid_1_AutoML_3_20260728_173821_model_1,56.70013133322339,3214.9048932047817,46.063953760176496,0.4287021415439958,3214.9048932047817
GBM_4_AutoML_3_20260728_173821,57.37195860932769,3291.54163467041,46.32136316049487,0.4373115743285577,3291.54163467041
GBM_2_AutoML_3_20260728_173821,57.64237571294246,3322.6434778320186,46.69625877432936,0.438363268528147,3322.6434778320186
GBM_1_AutoML_3_20260728_173821,57.96640732023602,3360.1043776155125,47.6560606888478,0.4411479889738576,3360.1043776155125
DRF_1_AutoML_3_20260728_173821,58.21272689017812,3388.721571990466,47.89517180341525,0.4411737450484584,3388.721571990466
XRT_1_AutoML_3_20260728_173821,58.3153649581034,3400.681790196793,47.60099125364432,0.4366333912753589,3400.681790196793
DeepLearning_1_AutoML_3_20260728_173821,59.16610836317176,3500.6283788425835,48.36793727974256,0.4483061976204709,3500.6283788425835
GBM_5_AutoML_3_20260728_173821,59.27438696986509,3513.452950653312,48.57465870926331,0.441470413385147,3513.452950653312
XGBoost_grid_1_AutoML_3_20260728_173821_model_1,62.53562072572511,3910.70385955174,50.352923434955386,0.4669159801324283,3910.70385955174
XGBoost_3_AutoML_3_20260728_173821,62.59094850185743,3917.6268343621696,48.99533775596508,0.4655527014574883,3917.6268343621696
XGBoost_1_AutoML_3_20260728_173821,62.608553840948986,3919.831014055008,49.9448442931773,0.478124108648403,3919.831014055008
XGBoost_2_AutoML_3_20260728_173821,62.83246621435748,3947.918810578374,50.18283688292212,0.4991028871385791,3947.918810578374
XGBoost_grid_1_AutoML_3_20260728_173821_model_2,63.83459329463936,4074.855301092015,52.28889110554064,0.4749187315463064,4074.855301092015
